video_id,title,channel_title,views,likes,comment_count,engagement,engagement_rate
7C2z4GqqS5E,BTS (방탄소년단) 'FAKE LOVE' Official MV,ibighit,123010920,5613827,1228655,6842482,0.05562499654502218
7C2z4GqqS5E,BTS (방탄소년단) 'FAKE LOVE' Official MV,ibighit,121219886,5595203,1225326,6820529,0.0562657598935541
7C2z4GqqS5E,BTS (방탄소년단) 'FAKE LOVE' Official MV,ibighit,115664850,5530568,1213172,6743740,0.058304143393606615
7C2z4GqqS5E,BTS (방탄소년단) 'FAKE LOVE' Official MV,ibighit,111882133,5486349,1204867,6691216,0.05980593880883554
7C2z4GqqS5E,BTS (방탄소년단) 'FAKE LOVE' Official MV,ibighit,107756615,5439015,1197130,6636145,0.06158457186131914
7C2z4GqqS5E,BTS (방탄소년단) 'FAKE LOVE' Official MV,ibighit,103786733,5386959,1189456,6576415,0.06336469806791202
7C2z4GqqS5E,BTS (방탄소년단) 'FAKE LOVE' Official MV,ibighit,98637739,5321402,1165350,6486752,0.06576338900063393
7C2z4GqqS5E,BTS (방탄소년단) 'FAKE LOVE' Official MV,ibighit,92054928,5232318,1163977,6396295,0.06948346100493392
7C2z4GqqS5E,BTS (방탄소년단) 'FAKE LOVE' Official MV,ibighit,87430865,5150831,1142269,6293100,0.07197801371403566
7C2z4GqqS5E,BTS (방탄소년단) 'FAKE LOVE' Official MV,ibighit,80738011,5053329,1114809,6168138,0.07639695260761378
7C2z4GqqS5E,BTS (방탄소년단) 'FAKE LOVE' Official MV,ibighit,73463137,4924045,1084421,6008466,0.08178885690655982
7C2z4GqqS5E,BTS (방탄소년단) 'FAKE LOVE' Official MV,ibighit,65396157,4750245,1040912,5791157,0.0885550048453153
VYOjWnS4cMY,Childish Gambino - This Is America (Official Video),ChildishGambinoVEVO,225211923,5023450,517232,5540682,0.024602081125163166
VYOjWnS4cMY,Childish Gambino - This Is America (Official Video),ChildishGambinoVEVO,220490543,4962403,512337,5474740,0.024829817757762065
VYOjWnS4cMY,Childish Gambino - This Is America (Official Video),ChildishGambinoVEVO,217750076,4934188,509799,5443987,0.02500107967815359
7C2z4GqqS5E,BTS (방탄소년단) 'FAKE LOVE' Official MV,ibighit,62796390,4470888,905912,5376800,0.08562275633997432
VYOjWnS4cMY,Childish Gambino - This Is America (Official Video),ChildishGambinoVEVO,210338856,4836448,501722,5338170,0.025378905740554184
VYOjWnS4cMY,Childish Gambino - This Is America (Official Video),ChildishGambinoVEVO,205643016,4776680,496211,5272891,0.02564099234957729
VYOjWnS4cMY,Childish Gambino - This Is America (Official Video),ChildishGambinoVEVO,200820941,4714942,491005,5205947,0.025923327388451985
VYOjWnS4cMY,Childish Gambino - This Is America (Official Video),ChildishGambinoVEVO,196222618,4656929,485797,5142726,0.02620863003672696
VYOjWnS4cMY,Childish Gambino - This Is America (Official Video),ChildishGambinoVEVO,190950401,4594931,479917,5074848,0.026576786293316033
VYOjWnS4cMY,Childish Gambino - This Is America (Official Video),ChildishGambinoVEVO,184446490,4512326,473039,4985365,0.027028787590373773
VYOjWnS4cMY,Childish Gambino - This Is America (Official Video),ChildishGambinoVEVO,179045286,4437175,466470,4903645,0.02738773586030073
VYOjWnS4cMY,Childish Gambino - This Is America (Official Video),ChildishGambinoVEVO,173478072,4360121,460299,4820420,0.027786912457731256
VYOjWnS4cMY,Childish Gambino - This Is America (Official Video),ChildishGambinoVEVO,167997997,4281819,453206,4735025,0.028185008658168705
VYOjWnS4cMY,Childish Gambino - This Is America (Official Video),ChildishGambinoVEVO,162556776,4202645,446165,4648810,0.028598069636912582
7C2z4GqqS5E,BTS (방탄소년단) 'FAKE LOVE' Official MV,ibighit,39349927,3880071,692305,4572376,0.11619782674565063
VYOjWnS4cMY,Childish Gambino - This Is America (Official Video),ChildishGambinoVEVO,156612892,4110879,437053,4547932,0.029039320722076954
VYOjWnS4cMY,Childish Gambino - This Is America (Official Video),ChildishGambinoVEVO,149830680,4002473,426810,4429283,0.029561922831825897
VYOjWnS4cMY,Childish Gambino - This Is America (Official Video),ChildishGambinoVEVO,142421830,3885070,414109,4299179,0.030186236197077373
VYOjWnS4cMY,Childish Gambino - This Is America (Official Video),ChildishGambinoVEVO,134839555,3749810,398351,4148161,0.030763680583193856
VYOjWnS4cMY,Childish Gambino - This Is America (Official Video),ChildishGambinoVEVO,126191952,3587455,377394,3964849,0.03141919066280867
FlsCjmMhFmw,YouTube Rewind: The Shape of 2017 | #YouTubeRewind,YouTube Spotlight,149376127,3093544,810698,3904242,0.026136987739680786
FlsCjmMhFmw,YouTube Rewind: The Shape of 2017 | #YouTubeRewind,YouTube Spotlight,137843120,3014471,817582,3832053,0.027800103479956054
VYOjWnS4cMY,Childish Gambino - This Is America (Official Video),ChildishGambinoVEVO,116581406,3388289,354187,3742476,0.032101825912101284
FlsCjmMhFmw,YouTube Rewind: The Shape of 2017 | #YouTubeRewind,YouTube Spotlight,125432237,2912702,807558,3720260,0.02965952046282966
FlsCjmMhFmw,YouTube Rewind: The Shape of 2017 | #YouTubeRewind,YouTube Spotlight,113874632,2811215,787174,3598389,0.0315995664425067
VYOjWnS4cMY,Childish Gambino - This Is America (Official Video),ChildishGambinoVEVO,98938809,3037293,319502,3356795,0.03392799078468794
FlsCjmMhFmw,YouTube Rewind: The Shape of 2017 | #YouTubeRewind,YouTube Spotlight,100911567,2656659,682890,3339549,0.033093817678998085
ffxKSjUwKdU,Ariana Grande - No Tears Left To Cry,ArianaGrandeVevo,148689896,3094021,242039,3336060,0.022436359764485946
kTlv5_Bs8aw,BTS (방탄소년단) 'MIC Drop (Steve Aoki Remix)' Official MV,ibighit,36857298,2729292,546100,3275392,0.08886685073876006
kTlv5_Bs8aw,BTS (방탄소년단) 'MIC Drop (Steve Aoki Remix)' Official MV,ibighit,33810576,2674694,539309,3214003,0.09505910221701044
ffxKSjUwKdU,Ariana Grande - No Tears Left To Cry,ArianaGrandeVevo,122581156,2935095,233410,3168505,0.025848222544091526
OK3GJ0WIQ8s,j-hope 'Daydream (백일몽)' MV,ibighit,23416810,2672431,477233,3149664,0.13450440089832902
kTlv5_Bs8aw,BTS (방탄소년단) 'MIC Drop (Steve Aoki Remix)' Official MV,ibighit,30583293,2611250,529881,3141131,0.10270741610460325
ffxKSjUwKdU,Ariana Grande - No Tears Left To Cry,ArianaGrandeVevo,117735467,2906264,232015,3138279,0.02665534082435839
ffxKSjUwKdU,Ariana Grande - No Tears Left To Cry,ArianaGrandeVevo,112904452,2875001,230421,3105422,0.027504867567135438
OK3GJ0WIQ8s,j-hope 'Daydream (백일몽)' MV,ibighit,21582276,2626585,471584,3098169,0.14355154201530923
FlsCjmMhFmw,YouTube Rewind: The Shape of 2017 | #YouTubeRewind,YouTube Spotlight,75969469,2251797,827755,3079552,0.04053670560735392
p8npDG2ulKQ,BTS (방탄소년단) LOVE YOURSELF 轉 Tear 'Singularity' Comeback Trailer,ibighit,29741771,2700800,371864,3072664,0.10331139998354502
kTlv5_Bs8aw,BTS (방탄소년단) 'MIC Drop (Steve Aoki Remix)' Official MV,ibighit,27661280,2542861,519092,3061953,0.11069455209592614
ffxKSjUwKdU,Ariana Grande - No Tears Left To Cry,ArianaGrandeVevo,107576105,2833950,227754,3061704,0.028460818506117133
VYOjWnS4cMY,Childish Gambino - This Is America (Official Video),ChildishGambinoVEVO,85092067,2735961,289682,3025643,0.03555728643893443
ffxKSjUwKdU,Ariana Grande - No Tears Left To Cry,ArianaGrandeVevo,101386547,2785262,224694,3009956,0.0296879229943594
p8npDG2ulKQ,BTS (방탄소년단) LOVE YOURSELF 轉 Tear 'Singularity' Comeback Trailer,ibighit,26912663,2636004,366899,3002903,0.11157955643408458
OK3GJ0WIQ8s,j-hope 'Daydream (백일몽)' MV,ibighit,18696782,2528335,456442,2984777,0.15964121526367478
p8npDG2ulKQ,BTS (방탄소년단) LOVE YOURSELF 轉 Tear 'Singularity' Comeback Trailer,ibighit,25924568,2613905,363377,2977282,0.11484403520243809
6ZfuNTqbHE8,Marvel Studios' Avengers: Infinity War Official Trailer,Marvel Entertainment,91933007,2625661,350458,2976119,0.032372692867535593
kTlv5_Bs8aw,BTS (방탄소년단) 'MIC Drop (Steve Aoki Remix)' Official MV,ibighit,24628712,2454898,502471,2957369,0.1200781023384414
ffxKSjUwKdU,Ariana Grande - No Tears Left To Cry,ArianaGrandeVevo,95093335,2735382,221257,2956639,0.031091968748388096
6ZfuNTqbHE8,Marvel Studios' Avengers: Infinity War Official Trailer,Marvel Entertainment,89930713,2606662,347982,2954644,0.03285467112887229
p8npDG2ulKQ,BTS (방탄소년단) LOVE YOURSELF 轉 Tear 'Singularity' Comeback Trailer,ibighit,24186625,2571889,357887,2929776,0.12113207196125958
6ZfuNTqbHE8,Marvel Studios' Avengers: Infinity War Official Trailer,Marvel Entertainment,87449453,2584672,341571,2926243,0.03346210753313689
ffxKSjUwKdU,Ariana Grande - No Tears Left To Cry,ArianaGrandeVevo,89067764,2689489,218645,2908134,0.03265080282019879
6ZfuNTqbHE8,Marvel Studios' Avengers: Infinity War Official Trailer,Marvel Entertainment,84281319,2555411,339708,2895119,0.034350660791153495
p8npDG2ulKQ,BTS (방탄소년단) LOVE YOURSELF 轉 Tear 'Singularity' Comeback Trailer,ibighit,22612931,2533783,353603,2887386,0.1276873838247682
ffxKSjUwKdU,Ariana Grande - No Tears Left To Cry,ArianaGrandeVevo,83683647,2644387,216427,2860814,0.034186057880579705
6ZfuNTqbHE8,Marvel Studios' Avengers: Infinity War Official Trailer,Marvel Entertainment,80360459,2513099,335920,2849019,0.035452995608200796
p8npDG2ulKQ,BTS (방탄소년단) LOVE YOURSELF 轉 Tear 'Singularity' Comeback Trailer,ibighit,20860529,2484550,348384,2832934,0.13580355512556752
OK3GJ0WIQ8s,j-hope 'Daydream (백일몽)' MV,ibighit,15777624,2392582,437036,2829618,0.1793437338854063
ffxKSjUwKdU,Ariana Grande - No Tears Left To Cry,ArianaGrandeVevo,78708034,2601283,214067,2815350,0.03576953783396496
kTlv5_Bs8aw,BTS (방탄소년단) 'MIC Drop (Steve Aoki Remix)' Official MV,ibighit,20565795,2320638,477215,2797853,0.13604399927160607
6ZfuNTqbHE8,Marvel Studios' Avengers: Infinity War Official Trailer,Marvel Entertainment,74789251,2444952,330710,2775662,0.037113114022227604
ffxKSjUwKdU,Ariana Grande - No Tears Left To Cry,ArianaGrandeVevo,74523616,2562936,211699,2774635,0.037231620644924156
QwZT7T-TXT0,So Sorry.,Logan Paul Vlogs,37539570,1402578,1361580,2764158,0.07363318226607284
p8npDG2ulKQ,BTS (방탄소년단) LOVE YOURSELF 轉 Tear 'Singularity' Comeback Trailer,ibighit,18574625,2407413,340125,2747538,0.14791889472869574
VYOjWnS4cMY,Childish Gambino - This Is America (Official Video),ChildishGambinoVEVO,73432600,2478904,263984,2742888,0.03735245653837669
ffxKSjUwKdU,Ariana Grande - No Tears Left To Cry,ArianaGrandeVevo,68423325,2498112,208124,2706236,0.039551366438272326
QwZT7T-TXT0,So Sorry.,Logan Paul Vlogs,35983135,1370845,1321281,2692126,0.07481632714881568
6ZfuNTqbHE8,Marvel Studios' Avengers: Infinity War Official Trailer,Marvel Entertainment,66637636,2331351,316180,2647531,0.03973026594160693
oWjxSkJpxFU,Suicide: Be Here Tomorrow.,Logan Paul Vlogs,24286474,1988746,658130,2646876,0.10898560243862489
aJOTlE1K90k,Maroon 5 - Girls Like You ft. Cardi B,Maroon5VEVO,66529577,2488565,142410,2630975,0.03954594510649
ffxKSjUwKdU,Ariana Grande - No Tears Left To Cry,ArianaGrandeVevo,61920752,2423625,203893,2627518,0.0424335608844027
oWjxSkJpxFU,Suicide: Be Here Tomorrow.,Logan Paul Vlogs,23742391,1970266,647524,2617790,0.11025806120369258
p8npDG2ulKQ,BTS (방탄소년단) LOVE YOURSELF 轉 Tear 'Singularity' Comeback Trailer,ibighit,15875379,2285418,326719,2612137,0.16454013475835758
QwZT7T-TXT0,So Sorry.,Logan Paul Vlogs,33998325,1325296,1281094,2606390,0.07666230615772983
FlsCjmMhFmw,YouTube Rewind: The Shape of 2017 | #YouTubeRewind,YouTube Spotlight,52611730,1891799,702769,2594568,0.0493153903131488
oWjxSkJpxFU,Suicide: Be Here Tomorrow.,Logan Paul Vlogs,23164093,1949284,636100,2585384,0.11161170869068777
ffxKSjUwKdU,Ariana Grande - No Tears Left To Cry,ArianaGrandeVevo,56538628,2350865,200322,2551187,0.04512290252250196
oWjxSkJpxFU,Suicide: Be Here Tomorrow.,Logan Paul Vlogs,22387656,1919981,625002,2544983,0.1136779571742571
aJOTlE1K90k,Maroon 5 - Girls Like You ft. Cardi B,Maroon5VEVO,60121378,2392245,138611,2530856,0.04209577498373374
TyHvyGVs42U,"Luis Fonsi, Demi Lovato - Échame La Culpa",LuisFonsiVEVO,102012605,2376636,134224,2510860,0.024613232845097918
ffxKSjUwKdU,Ariana Grande - No Tears Left To Cry,ArianaGrandeVevo,51658588,2285218,197058,2482276,0.048051565017611396
oWjxSkJpxFU,Suicide: Be Here Tomorrow.,Logan Paul Vlogs,21104436,1867610,607646,2475256,0.11728605303643272
QwZT7T-TXT0,So Sorry.,Logan Paul Vlogs,31675237,1275142,1194249,2469391,0.07795966925204063
6ZfuNTqbHE8,Marvel Studios' Avengers: Infinity War Official Trailer,Marvel Entertainment,56367282,2157727,303178,2460905,0.043658393888852044
kTlv5_Bs8aw,BTS (방탄소년단) 'MIC Drop (Steve Aoki Remix)' Official MV,ibighit,13945717,2055137,395562,2450699,0.17573130158886774
QwZT7T-TXT0,So Sorry.,Logan Paul Vlogs,28407744,1204072,1238817,2442889,0.08599376986782195
OK3GJ0WIQ8s,j-hope 'Daydream (백일몽)' MV,ibighit,10695328,2050527,387384,2437911,0.22794167696399772
VYOjWnS4cMY,Childish Gambino - This Is America (Official Video),ChildishGambinoVEVO,60776509,2183732,232723,2416455,0.039759687414754274
